color;density;height;id;image;info;intake_id;is_fire_treaded;is_planed;is_straight;label;length;name;paint;price;project_type;reservation_name;reservation_time;reserved;source;storage_location;timestamp;type;weight;width;wood_id;wood_species;
150,143,116;;20;1;;Twisted;;;;;;1629;;;;;;;;;B5;;;3350;164;;;
176,167,149;;27;2;;Perfect;;;;;;1565;;;;;;;;;B7;;;3650;193;;;
173,159,140;;27;3;;Perfect;;;;;;1894;;;;;;;;;D4;;;5450;193;;;
126,114,91;;10;10;;Perfect;;;;;;1674;;;;;;;;;B4;;;1300;151;;;
183,172,148;;12;12;;Groves;;;;;;2017;;;;;;;;;D2;;;1050;113;;;
152,121,75;;12;14;;Perfect;;;;;;1887;;;;;;;;;D4;;;1000;113;;;
149,131,101;;12;15;;Perfect;;;;;;1886;;;;;;;;;D5;;;1000;113;;;
156,139,109;;12;16;;Perfect;;;;;;1831;;;;;;;;;D7;;;900;113;;;
152,140,124;;12;17;;Groves;;;;;;2017;;;;;;;;;D2;;;1050;113;;;
170,139,97;;12;18;;Perfect;;;;;;1883;;;;;;;;;D5;;;850;113;;;
162,162,152;;12;19;;Perfect;;;;;;1743;;;;;;;;;B2;;;800;113;;;
173,149,114;;12;20;;Perfect;;;;;;1933;;;;;;;;;D3;;;1050;113;;;
144,137,122;;12;21;;Groves;;;;;;1715;;;;;;;;;B2;;;750;113;;;
149,106,61;;28;28;;Twisted;;;;;;1600;;;;;;;;;B6;;;2600;116;;;
157,146,120;;45;32;;Holes;;;;;;1710;;;;;;;;;B2;;;3400;93;;;
140,128,110;;37;33;;Perfect;;;;;;2100;;;;;;;;;D1;;;3100;89;;Fure;
130,95,65;;27;38;;Perfect;;;;;;1670;;;;;;;;;B4;;;1800;89;;;
117,126,78;;17;41;;Perfect;;;;;;1571;;;;;;;;;B7;;;1150;75;;;
155,131,93;;43;42;;Perfect;;;;;;1750;;;;;;;;;B1;;;2700;73;;;
140,99,63;;17;44;;Perfect;;;;;;1569;;;;;;;;;B7;;;1250;73;;;
165,145,117;;49;48;;Perfect;;;;;;1875;;;;;;;;;D5;;;3350;73;;;
162,134,95;;39;50;;Perfect;;;;;;1643;;;;;;;;;B5;;;1750;61;;;
181,167,133;;37;52;;Perfect;;;;;;1617;;;;;;;;;B5;;;1500;59;;;
143,121,81;;17;54;;slighty bended;;;;;;2107;;;;;;;;;D1;;;850;59;;?;
188,178,145;;34;56;;Perfect;;;;;;1987;;;;;;;;;D3;;;1550;55;;;
158,165,158;;29;65;;Perfect;;;;;;1924;;;;;;;;;D3;;;1650;55;;;
172,161,136;;11;67;;Perfect;;;;;;2009;;;;;;;;;D2;;;800;53;;;
160,139,107;;43;73;;Holes;;;;;;1796;;;;;;;;;B1;;;1800;43;;;
185,171,139;;43;74;;perfect;;;;;;1862;;;;;;;;;D6;;;1750;43;;;
164,148,114;;30;75;;Perfect;;;;;;1795;;;;;;;;;B1;;;1450;52;;;
112,79,55;;30;78;;Perfect;;;;;;1570;;;;;;;;;B7;;;1700;50;;;
148,110,76;;30;79;;slighty bended;;;;;;1920;;;;;;;;;D4;;;1250;45;;;
165,147,111;;33;80;;Holes;;;;;;1690;;;;;;;;;B3;;;1000;43;;;
136,112,85;;20;81;;Bended;;;;;;1533;;;;;;;;;;;;750;40;;;
129,105,71;;20;82;;Needs cut;;;;;;1750;;;;;;;;;B1;;;1000;40;;;
161,148,118;;45;88;;Perfect;;;;;;1559;;;;;;;;;B8;;;1300;50;;;
141,114,88;;18;91;;Chamfer;;;;;;1645;;;;;;;;;B5;;;1000;65;;;
140,127,90;;16;94;;Needs Cut;;;;;;1581;;;;;;;;;B7;;;800;54;;;
172,154,132;;22;97;;slighty bended;;;;;;2098;;;;;;;;;D1;;;1700;53;;Maple;
150,101,35;;11;103;;Perfect;;;;;;2064;;;;;;;;;D1;;;450;49;;;
173,153,115;;9;104;;Perfect;;;;;;1681;;;;;;;;;B4;;;400;53;;;
124,100,62;;15;108;;Bended;;;;;;1675;;;;;;;;;B4;;;1350;79;;;
139,104,62;;33;110;;Perfect;;;;;;1600;;;;;;;;;B6;;;850;50;;;
153,123,83;;21;112;;Perfect;;;;;;1566;;;;;;;;;B7;;;850;57;;;
119,83,43;;26;113;;Perfect;;;;;;1866;;;;;;;;;D6;;;950;41;;;
171,165,145;;27;114;;Perfect;;;;;;1777;;;;;;;;;B1;;;1800;57;;;
131,119,83;;50;116;;Perfect;;;;;;1585;;;;;;;;;B6;;;1800;50;;;
162,143,101;;26;129;;Perfect;;;;;;1550;;;;;;;;;;;;1650;46;;;
157,133,100;;13;130;;Perfect;;;;;;2083;;;;;;;;;D1;;;600;39;;?;
119,82,40;;23;133;;Unusable;;;;;;1692;;;;;;;;;B3;;;1400;33;;;
174,155,117;;19;134;;Perfect;;;;;;1689;;;;;;;;;B3;;;900;52;;;
116,78,33;;12;136;;Perfect;;;;;;1684;;;;;;;;;B3;;;750;58;;;
207,169,125;;10;141;;Perfect;;;;;;1875;;;;;;;;;D5;;;550;52;;;
158,140,114;;10;142;;Perfect;;;;;;1965;;;;;;;;;D3;;;400;52;;;
147,127,101;;24;144;;Perfect;;;;;;1930;;;;;;;;;D3;;;1550;54;;;
142,115,83;;11;145;;Needs cut;;;;;;1700;;;;;;;;;B3;;;850;85;;;
173,156,121;;18;150;;Perfect;;;;;;1590;;;;;;;;;B6;;;1000;54;;;
138,113,76;;11;151;;perfect;;;;;;2010;;;;;;;;;D2;;;550;40;;;
154,138,102;;15;152;;Chamfer;;;;;;1580;;;;;;;;;B7;;;500;40;;;
193,125,97;;20;162;;Perfect;;;;;;1680;;;;;;;;;B4;;;650;34;;;
150,145,131;;24;164;;Perfect;;;;;;1840;;;;;;;;;D6;;;1000;34;;;
173,154,119;;20;165;;Perfect;;;;;;1765;;;;;;;;;B1;;;600;34;;;
177,156,122;;15;166;;Perfect;;;;;;1860;;;;;;;;;D6;;;700;32;;;
160,155,126;;20;167;;perfect;;;;;;1956;;;;;;;;;D3;;;1050;38;;;
175,149,112;;14;168;;Perfect;;;;;;1686;;;;;;;;;B3;;;400;27;;;
160,143,101;;21;171;;Perfect;;;;;;2000;;;;;;;;;D3;;;850;25;;;
177,150,96;;15;172;;Perfect;;;;;;2030;;;;;;;;;D2;;;500;26;;;
150,126,85;;13;173;;Perfect;;;;;;1757;;;;;;;;;B1;;;550;32;;;
185,154,112;;16;174;;Perfect;;;;;;1568;;;;;;;;;B7;;;450;30;;;
99,116,96;;18;177;;Perfect;;;;;;1881;;;;;;;;;D5;;;500;27;;;
150,130,100;;12;178;;Needs cut;;;;;;1616;;;;;;;;;B6;;;400;27;;;
157,140,107;;7;179;;Perfect;;;;;;1692;;;;;;;;;B3;;;150;27;;;
162,157,137;;12;180;;Perfect;;;;;;1906;;;;;;;;;D4;;;450;30;;;
168,153,116;;12;181;;Perfect;;;;;;2005;;;;;;;;;D2;;;450;27;;;
150,115,70;;21;182;;Perfect;;;;;;1820;;;;;;;;;D7;;;700;31;;;
150,115,67;;10;183;;Perfect;;;;;;1750;;;;;;;;;B1;;;400;31;;;
136,109,68;;17;185;;Perfect;;;;;;1941;;;;;;;;;D3;;;700;30;;;
149,123,79;;14;186;;slighty bended;;;;;;2014;;;;;;;;;D2;;;550;26;;;
193,158,94;;14;187;;Perfect;;;;;;2044;;;;;;;;;D1;;;450;25;;;
193,170,134;;14;189;;Perfect;;;;;;1684;;;;;;;;;B3;;;350;27;;;
151,112,60;;24;190;;Perfect;;;;;;1589;;;;;;;;;B6;;;600;25;;;
153,129,98;;17;191;;Perfect;;;;;;1693;;;;;;;;;B3;;;500;27;;;
157,118,67;;17;192;;Perfect;;;;;;1719;;;;;;;;;B2;;;500;27;;;
170,143,100;;24;193;;Perfect;;;;;;1583;;;;;;;;;B7;;;650;24;;;
137,118,88;;17;194;;Perfect;;;;;;1594;;;;;;;;;B6;;;450;27;;;
171,157,119;;14;195;;Perfect;;;;;;1594;;;;;;;;;B6;;;450;27;;;
213,189,150;;17;196;;Perfect;;;;;;1654;;;;;;;;;B5;;;400;27;;;
182,170,139;;11;197;;Perfect;;;;;;2007;;;;;;;;;D2;;;450;27;;;
163,142,112;;12;199;;Perfect;;;;;;1701;;;;;;;;;B3;;;400;26;;;
198,182,152;;16;200;;Perfect;;;;;;1707;;;;;;;;;B3;;;500;24;;;
181,164,134;;21;201;;Perfect;;;;;;2007;;;;;;;;;D2;;;700;25;;;
148,131,101;;11;202;;Perfect;;;;;;1644;;;;;;;;;B5;;;300;21;;;
179,163,131;;12;204;;Perfect;;;;;;1745;;;;;;;;;B1;;;400;27;;;
198,168,124;;20;206;;Perfect;;;;;;1655;;;;;;;;;B4;;;450;21;;;
218,160,87;;15;207;;Perfect;;;;;;1850;;;;;;;;;D6;;;550;27;;;
109,85,55;;22;208;;Perfect;;;;;;1656;;;;;;;;;B4;;;500;25;;;
230,195,141;;19;210;;Perfect;;;;;;1865;;;;;;;;;D6;;;550;27;;;
173,104,62;;20;211;;Needs Cut, slightly bended;;;;;;1620;;;;;;;;;B5;;;300;20;;;
127,86,30;;12;213;;Perfect;;;;;;1526;;;;;;;;;B1;;;250;19;;;
172,165,147;;50;214;;perfect;;;;;;1872;;;;;;;;;D6;;;2900;71;;;
170,152,114;;21;215;;Perfect;;;;;;1662;;;;;;;;;B4;;;500;21;;;
120,86,49;;34;219;;Perfect;;;;;;1590;;;;;;;;;B6;;;900;50;;;
117,81,55;;23;221;;Perfect;;;;;;1830;;;;;;;;;D7;;;650;22;;;
99,64,30;;25;222;;Perfect;;;;;;1528;;;;;;;;;;;;1000;25;;;
117,82,39;;20;224;;Chamfer;;;;;;1570;;;;;;;;;B7;;;550;25;;;
107,76,42;;18;225;;Perfect;;;;;;1710;;;;;;;;;B3;;;750;38;;;
99,61,39;;29;227;;Perfect;;;;;;1534;;;;;;;;;B;;;2200;44;;;
108,77,50;;35;231;;Perfect;;;;;;1553;;;;;;;;;B8;;;1100;35;;;
92,54,17;;21;232;;Perfect;;;;;;1987;;;;;;;;;D3;;;550;21;;;
99,58,10;;24;233;;slighty bended;;;;;;1859;;;;;;;;;D6;;;800;25;;;
131,85,49;;29;234;;Perfect;;;;;;1903;;;;;;;;;D4;;;1150;37;;;
108,73,39;;19;235;;Perfect;;;;;;1743;;;;;;;;;B2;;;1850;47;;;
115,87,52;;19;237;;Slightly bended;;;;;;1611;;;;;;;;;B6;;;600;29;;;
118,93,51;;11;238;;Perfect;;;;;;1755;;;;;;;;;B1;;;950;51;;;
123,97,73;;25;240;;Perfect;;;;;;1855;;;;;;;;;D6;;;750;26;;;
126,77,39;;9;241;;Groves;;;;;;1835;;;;;;;;;D6;;;550;49;;;
121,94,60;;10;242;;Needs cut, Twisted;;;;;;1790;;;;;;;;;B1;;;500;40;;;
110,75,39;;22;244;;Perfect;;;;;;1794;;;;;;;;;B1;;;650;29;;;
96,61,23;;18;246;;Perfect;;;;;;1713;;;;;;;;;B2;;;600;27;;;
104,70,27;;15;248;;Perfect;;;;;;1824;;;;;;;;;D7;;;1000;58;;;
104,72,43;;18;251;;Perfect;;;;;;1709;;;;;;;;;B3;;;650;35;;;
130,103,67;;11;252;;Perfect;;;;;;1707;;;;;;;;;B3;;;500;40;;;
139,111,62;;40;285;;Perfect;;;;;;1735;;;;;;;;;B2;;;2200;52;;;
96,63,34;;20;294;;Perfect;;;;;;1632;;;;;;;;;B5;;;600;26;;;
117,71,40;;29;295;;Perfect;;;;;;1537;;;;;;;;;B;;;2150;44;;;
117,78,39;;15;296;;Perfect;;;;;;1710;;;;;;;;;B2;;;700;35;;;
139,120,95;;9;297;;Perfect;;;;;;2077;;;;;;;;;D1;;;550;61;;Fure;
106,56,24;;27;311;;Perfect;;;;;;1603;;;;;;;;;B6;;;700;29;;;
104,75,40;;18;313;;Perfect;;;;;;1706;;;;;;;;;B3;;;550;28;;;
162,142,105;;17;314;;Perfect;;;;;;1625;;;;;;;;;B5;;;900;70;;;
116,93,77;;31;319;;Perfect;;;;;;1609;;;;;;;;;B6;;;1350;44;;;
117,83,44;;7;320;;Perfect;;;;;;1600;;;;;;;;;B6;;;300;40;;;
62,39,17;;33;327;;Perfect;;;;;;1750;;;;;;;;;B1;;;2050;39;;;
149,117,73;;40;333;;Perfect;;;;;;1637;;;;;;;;;B5;;;1650;52;;;
153,125,94;;30;334;;Perfect;;;;;;1574;;;;;;;;;B7;;;850;30;;;
105,70,40;;5;335;;Perfect;;;;;;1606;;;;;;;;;B6;;;300;31;;;
150,134,110;;23;338;;Perfect;;;;;;1920;;;;;;;;;D4;;;2200;70;;;
99,62,27;;20;344;;Perfect;;;;;;1667;;;;;;;;;B4;;;850;40;;;
139,113,74;;39;346;;Perfect;;;;;;1553;;;;;;;;;;;;1850;40;;;
143,137,119;;14;184;;Perfect;;;;;;1525;;;;;;;;;;;;450;27;;;
132,90,34;;15;212;;Needs Cut, slightly bended;;;;;;1520;;;;;;;;;B;;;300;19;;;
159,151,132;;11;11;;Grove;;;;;;1514;;;;;;;;;;;;600;113;;;
151,123,76;;3;107;;Perfect;;;;;;1507;;;;;;;;;;;;250;71;;;
88,65,49;;12;245;;Perfect;;;;;;1507;;;;;;;;;;;;450;40;;;
113, 80, 54;;25;220;;perfect;;;;;;1495;;;;;;;;;A1;;;1200;30;;;
142, 99, 69;;15;236;;perfect;;;;;;1494;;;;;;;;;A1;;;1150;45;;;
153, 132, 109;;19;203;;perfect;;;;;;1493;;;;;;;;;A1;;;600;24;;;
140, 116, 86;;35;120;;Wood is chipped;;;;;;1492;;;;;;;;;A1;;;1050;35;;;
122, 109, 89;;16;95;;missing a part;;;;;;1491;;;;;;;;;A1;;;800;54;;;
141, 142, 138;;18;96;;perfect;;;;;;1488;;;;;;;;;A1;;;950;52;;;
152, 122, 93;;5;148;;Cracked;;;;;;1480;;;;;;;;;A1;;;300;74;;;
139,127, 111;;5;149;;perfect;;;;;;1480;;;;;;;;;A1;;;300;74;;;
125, 103, 83;;15;161;;perfect;;;;;;1480;;;;;;;;;A1;;;300;40;;;
155, 132, 106;;16;143;;missing a part;;;;;;1460;;;;;;;;;A1;;;1200;80;;;
112, 80, 56;;18;226;;perfect;;;;;;1443;;;;;;;;;A1;;;750;30;;;
130, 104, 73;;35;98;;Wood is chipped;;;;;;1440;;;;;;;;;A1;;;1000;44;;;
122, 97, 70;;26;228;;chipped;;;;;;1440;;;;;;;;;A2;;;1250;44;;;
137, 124, 108;;11;68;;damaged;;;;;;1439;;;;;;;;;A2;;;500;50;;;
147, 111, 78;;17;102;;perfect;;;;;;1433;;;;;;;;;A2;;;750;49;;;
82, 50, 33;;16;250;;missing a part;;;;;;1430;;;;;;;;;A2;;;450;24;;;
168, 169, 163;;23;13;;Cracked;;;;;;1427;;;;;;;;;A2;;;1900;137;;;
133, 95, 64;;16;76;;Wood is chipped;;;;;;1425;;;;;;;;;A2;;;750;54;;;
107, 82, 52;;23;66;;perfect;;;;;;1424;;;;;;;;;A2;;;1400;54;;;
122, 105, 83;;30;170;;chipped;;;;;;1423;;;;;;;;;A2;;;850;30;;;
102, 58, 37;;42;345;;perfect;;;;;;1403;;;;;;;;;A2;;;2500;45;;;
155, 141, 122;;14;72;;perfect;;;;;;1400;;;;;;;;;A2;;;1159;44;;;
161,104,64;;30;278;;perfect;;;;;;1397;;;;;;;;;A2;;;2050;72;;;
143, 89, 51;;23;230;;perfect;;;;;;1396;;;;;;;;;A2;;;1050;40;;;
158, 134, 97;;4;29;;chips missing;;;;;;1395;;;;;;;;;A3;;;300;104;;;
159, 124, 94;;10;154;;perfect;;;;;;1390;;;;;;;;;A3;;;200;34;;;
159, 141, 115;;26;157;;perfect;;;;;;1386;;;;;;;;;A3;;;950;39;;;
156, 141, 127;;15;348;;perfect;;;;;;1355;;;;;;;;;A3;;;750;47;;;
132, 114, 100;;35;101;;perfect;;;;;;1354;;;;;;;;;A3;;;1300;41;;;
167, 163, 152;;34;27;;wood missing;;;;;;1340;;;;;;;;;A3;;;3800;130;;;
149, 148, 140;;31;31;;Slighty bended;;;;;;1317;;;;;;;;;A3;;;2450;31;;;
152, 139, 125;;25;118;;perfect;;;;;;1303;;;;;;;;;A3;;;550;40;;;
174, 163, 145;;21;39;;perfect;;;;;;1290;;;;;;;;;A3;;;1100;80;;;
173, 153, 129;;32;115;;perfect;;;;;;1286;;;;;;;;;A3;;;1000;43;;;
103, 71, 46;;24;302;;perfect;;;;;;1276;;;;;;;;;A3;;;1200;40;;;
147, 135,120;;21;312;;perfect;;;;;;1270;;;;;;;;;A3;;;500;25;;;
121, 66, 40;;16;249;;perfect;;;;;;1255;;;;;;;;;A3;;;850;48;;;
144, 133, 119;;20;217;;missing a part;;;;;;1250;;;;;;;;;A4;;;450;35;;;
140, 132, 119;;33;90;;perfect;;;;;;1244;;;;;;;;;A4;;;900;44;;;
138, 124, 107;;10.7;260;;missing a part;;;;;;1243;;;;;;;;;A4;;;800;69;;;
145, 102, 65;;22;339;;perfect;;;;;;1240;;;;;;;;;A4;;;1300;65;;;
122, 85, 59;;21;223;;perfect;;;;;;1240;;;;;;;;;A4;;;450;32;;;
167,126,90;;33;264;;not perfect;;;;;;1238;;;;;;;;;A4;;;3750;130;;;
129, 110, 98;;27;321;;perfect;;;;;;1230;;;;;;;;;A4;;;600;44;;;
110, 82, 68;;6;218;;missing a part;;;;;;1230;;;;;;;;;A4;;;250;43;;;
148, 140, 124;;19;40;;missing a part;;;;;;1230;;;;;;;;;A4;;;1350;79;;;
143, 118, 97;;15;175;;missing a part;;;;;;1220;;;;;;;;;A4;;;300;26;;;
134, 128, 118;;53;62;;perfect;;;;;;1220;;;;;;;;;A4;;;1450;59;;;
178, 161, 140;;19;123;;perfect;;;;;;1217;;;;;;;;;A4;;;600;74;;;
155, 93, 41;;37;64;;missing a part;;;;;;1210;;;;;;;;;A4;;;2700;101;;;
159, 122, 96;;11;92;;perfect;;;;;;1205;;;;;;;;;A4;;;350;50;;;
162, 124, 93;;12;153;;Chipped;;;;;;1200;;;;;;;;;A4;;;350;50;;;
163,129,91;;43;37;;Perfect;;;;;;1199;;;;;;;;;C1;;;2500;73;;;
187, 178, 165;;50;47;;Perfect;;;;;;1197;;;;;;;;;C1;;;1900;50;;;
126,92,54;;22;343;;Perfect;;;;;;1197;;;;;;;;;C1;;;450;25;;;
154,108,66;;38;347;;Perfect;;;;;;1194;;;;;;;;;C1;;;1950;53;;;
140,107,67;;19;341;;Perfect;;;;;;1193;;;;;;;;;C1;;;600;41;;;
150,129,106;;20;163;;Needs cut;;;;;;1190;;;;;;;;;C1;;;350;35;;;
114,81,52;;17;304;;Perfect;;;;;;1177;;;;;;;;;C1;;;600;40;;;
101,67,44;;27;326;;Perfect;;;;;;1171;;;;;;;;;C1;;;1100;34;;;
147,128,104;;15;216;;Needs cut;;;;;;1170;;;;;;;;;C1;;;400;31;;;
161,130,97;;20;117;;chamfer;;;;;;1170;;;;;;;;;C1;;;850;55;;;
184,169,141;;12;26;;groves;;;;;;1168;;;;;;;;;C1;;;650;126;;;
180,158,119;;23;36;;groves;;;;;;1165;;;;;;;;;C2;;;1400;91;;;
159,142,115;;12;25;;groves;;;;;;1165;;;;;;;;;C2;;;700;125;;;
140,106,59;;30;340;;Perfect;;;;;;1164;;;;;;;;;C2;;;1450;60;;;
105,62,39;;24;299;;Perfect;;;;;;1163;;;;;;;;;C2;;;1900;68;;;
106, 66, 30;;33;71;;Perfect;;;;;;1154;;;;;;;;;C2;;;700;50;;;
180,178,128;;31;105;;Perfect;;;;;;1153;;;;;;;;;C2;;;900;43;;;
95,57,34;;22;247;;Perfect;;;;;;1153;;;;;;;;;C2;;;400;25;;;
151,121,89;;9;49;;Unusable;;;;;;1150;;;;;;;;;C2;;;650;63;;;
112, 79, 54;;24;122;;Needs cut;;;;;;1150;;;;;;;;;C2;;;700;46;;;
179, 139, 95;;20;349;;Perfect;;;;;;1150;;;;;;;;;C3;;;600;40;;;
113,85,51;;19;266;;unusable;;;;;;1149;;;;;;;;;C3;;;2250;73;;;
132,110,87;;30;126;;Perfect;;;;;;1133;;;;;;;;;C3;;;700;35;;;
152,107,69;;24;109;;Damaged;;;;;;1104;;;;;;;;;C3;;;900;64;;;
151,138,122;;25;128;;Damaged;;;;;;1092;;;;;;;;;C3;;;500;40;;;
179, 169, 149;;40;275;;Perfect;;;;;;1090;;;;;;;;;C3;;;1250;69;;;
143,120,95;;25;293;;Perfect;;;;;;1087;;;;;;;;;C3;;;750;54;;;
138,99,59;;29;324;;Perfect;;;;;;1085;;;;;;;;;C3;;;700;33;;;
179,159,125;;12;23;;Cracked;;;;;;1079;;;;;;;;;C3;;;600;113;;;
162,108,67;;32;332;;Perfect;;;;;;1077;;;;;;;;;C4;;;1650;65;;;
151,107,68;;24;89;;Perfect;;;;;;1077;;;;;;;;;C4;;;900;63;;;
167,158,145;;43;9;;Perfect;;;;;;1075;;;;;;;;;C4;;;3050;143;;;
165,156,141;;20;93;;Perfect;;;;;;1074;;;;;;;;;C4;;;850;56;;;
156,131,100;;40;119;;Perfect;;;;;;1070;;;;;;;;;C4;;;1300;52;;;
129,90,53;;29;330;;Perfect;;;;;;1058;;;;;;;;;C4;;;700;32;;;
151,116,80;;30;125;;Perfect;;;;;;1050;;;;;;;;;C4;;;650;34;;;
155,134,111;;26;135;;Perfect;;;;;;1050;;;;;;;;;C4;;;500;34;;;
167,124,75;;32;291;;Perfect;;;;;;1050;;;;;;;;;C4;;;1500;92;;;
191,163,137;;20;53;;Perfect;;;;;;1047;;;;;;;;;C5;;;900;57;;;
167,147,118;;15;259;;Twisted;;;;;;1045;;;;;;;;;C5;;;500;73;;;
160, 152, 136;;21;77;;Perfect;;;;;;1043;;;;;;;;;C5;;;800;79;;;
166,142,110;;22;263;;Damaged;;;;;;1040;;;;;;;;;C5;;;750;79;;;
157,146,128;;20;308;;Perfect;;;;;;1039;;;;;;;;;C5;;;300;27;;;
104,70,40;;11;267;;Perfect;;;;;;1037;;;;;;;;;C5;;;450;45;;;
110,59,15;;29;277;;Perfect;;;;;;1035;;;;;;;;;C5;;;850;40;;;
133,97,68;;25;323;;Perfect;;;;;;1035;;;;;;;;;C5;;;900;54;;;
107, 65, 37;;27;272;;Perfect;;;;;;1033;;;;;;;;;C5;;;750;40;;;
97,56,26;;28;350;;Perfect;;;;;;1033;;;;;;;;;C5;;;750;39;;;
192,157,111;;25;255;;Perfect;;;;;;1032;;;;;;;;;C6;;;1050;60;;;
161,146,122;;22;276;;Perfect;;;;;;1030;;;;;;;;;C6;;;700;80;;;
167,155,137;;23;43;;Perfect;;;;;;1027;;;;;;;;;C6;;;850;73;;;
118,73,40;;9;307;;Perfect;;;;;;1025;;;;;;;;;C6;;;450;48;;;
143,106,66;;25;176;;Damaged;;;;;;1020;;;;;;;;;C6;;;450;25;;;
162,156,149;;34;155;;Perfect;;;;;;1020;;;;;;;;;C6;;;600;43;;;
115,71,47;;8;351;;Perfect;;;;;;1016;;;;;;;;;C6;;;400;48;;;
164, 130, 97;;27;124;;Needs cut;;;;;;1010;;;;;;;;;C6;;;500;34;;;
108, 61, 17;;22;342;;Perfect;;;;;;1010;;;;;;;;;C6;;;550;30;;;
122,80,34;;15;325;;Perfect;;;;;;1010;;;;;;;;;C6;;;600;40;;;
98,63,32;;13;269;;Perfect;;;;;;1009;;;;;;;;;C6;;;550;99;;;
149,141,129;;43;46;;Perfect;;;;;;1005;;;;;;;;;C7;;;1450;70;;;
174,157,138;;45;85;;Perfect;;;;;;1005;;;;;;;;;C7;;;1600;70;;;
153,115,69;;22;147;;Needs cut;;;;;;1000;;;;;;;;;C7;;;500;50;;;
124, 115, 105;;65;63;;chipped;;;;;;1000;;;;;;;;;C7;;;1850;65;;;
115,62,17;;37;265;;Perfect;;;;;;1000;;;;;;;;;C7;;;900;40;;;
161, 132, 96;;65;61;;chipped + missing part;;;;;;1000;;;;;;;;;C7;;;2000;56;;;
151,110,73;;18;287;;Perfect;;;;;;998;;;;;;;;;C7;;;400;38;;;
162,152,134;;26;309;;Perfect;;;;;;998;;;;;;;;;C7;;;700;49;;;
144,95,64;;40;322;;Perfect;;;;;;996;;;;;;;;;C7;;;1800;66;;;
76,40,11;;33;280;;Perfect;;;;;;995;;;;;;;;;C7;;;900;40;;;
129,99,68;;11;315;;Perfect;;;;;;993;;;;;;;;;C8;;;600;72;;;
137,92,55;;30;256;;Perfect;;;;;;991;;;;;;;;;C8;;;550;31;;;
155,140,127;;20;317;;Perfect;;;;;;990;;;;;;;;;C8;;;600;42;;;
105, 87, 67;;22;253;;Perfect;;;;;;975;;;;;;;;;C8;;;600;40;;;
180,157,121;;17;45;;Perfect;;;;;;970;;;;;;;;;C8;;;450;73;;;
164,150,132;;18;121;;Needs cut;;;;;;970;;;;;;;;;C8;;;500;66;;;
166,153,128;;44;337;;Perfect;;;;;;963;;;;;;;;;C8;;;1800;99;;;
105,67,49;;25;336;;Perfect;;;;;;953;;;;;;;;;C8;;;1150;46;;;
157,149,138;;14;159;;Perfect;;;;;;950;;;;;;;;;C8;;;250;45;;;
128, 116, 101;;40;355;;Perfect;;;;;;950;;;;;;;;;C9;;;2650;100;;;
136,81,37;;26;279;;Perfect;;;;;;948;;;;;;;;;C9;;;1650;55;;;
168,158,145;;28;316;;Perfect;;;;;;945;;;;;;;;;C9;;;1750;90;;;
156,148,136;;23;292;;Perfect;;;;;;940;;;;;;;;;C9;;;550;63;;;
161,145,120;;22;305;;Perfect;;;;;;939;;;;;;;;;C9;;;600;62;;;
147,131,112;;34;127;;Perfect;;;;;;932;;;;;;;;;C9;;;450;34;;;
165,154,138;;14;100;;Needs cut;;;;;;931;;;;;;;;;C9;;;300;70;;;
125,80,61;;33;286;;Bended;;;;;;930;;;;;;;;;C9;;;950;36;;;
131,84,28;;15;271;;Perfect;;;;;;930;;;;;;;;;C9;;;450;40;;;
140,115,89;;18;4;;Damaged;;;;;;925;;;;;;;;;C10;;;1600;128;;;
164,142,121;;26;254;;Perfect;;;;;;925;;;;;;;;;C10;;;1750;115;;;
129,84,53;;34;329;;Perfect;;;;;;923;;;;;;;;;C10;;;600;34;;;
171,162,151;;31;106;;Perfect;;;;;;917;;;;;;;;;C10;;;550;43;;;
124,88,48;;18;318;;Twisted;;;;;;917;;;;;;;;;C10;;;800;69;;;
155,124,94;;32;273;;Perfect;;;;;;916;;;;;;;;;C10;;;1200;59;;;
131,85,44;;44;268;;Perfect;;;;;;905;;;;;;;;;C10;;;2000;63;;;
151,143,133;;40;138;;Perfect;;;;;;904;;;;;;;;;C10;;;600;45;;;
146,125,102;;12;158;;Perfect;;;;;;900;;;;;;;;;C11;;;600;60;;;
119,83,39;;34;139;;Perfect;;;;;;886;;;;;;;;;C11;;;950;42;;;
154,117,98;;25;300;;Perfect;;;;;;883;;;;;;;;;C11;;;700;47;;;
143, 107, 79;;47;353;;missing parts;;;;;;883;;;;;;;;;C11;;;1950;51;;;
92,59,33;;31;262;;Perfect;;;;;;876;;;;;;;;;C11;;;800;75;;;
170,158,142;;43;58;;Perfect;;;;;;874;;;;;;;;;C11;;;1450;71;;;
153,132,108;;23;328;;Perfect;;;;;;874;;;;;;;;;C11;;;600;38;;;
150,141,129;;43;57;;Hole;;;;;;874;;;;;;;;;C11;;;1450;71;;;
156,139,118;;32;111;;Perfect;;;;;;863;;;;;;;;;C11;;;700;43;;;
123, 83, 55;;18;310;;Perfect;;;;;;851;;;;;;;;;C11;;;1250;85;;;
161,151,138;;14;51;;Perfect;;;;;;839;;;;;;;;;C12;;;300;73;;;
141,128,117;;40;288;;Damaged;;;;;;834;;;;;;;;;C12;;;1100;45;;;
188,178,162;;36;69;;Perfect;;;;;;825;;;;;;;;;C12;;;1000;49;;;
131,121,108;;20;83;;Perfect;;;;;;825;;;;;;;;;C12;;;950;100;;;
155,105,66;;18;252;;Perfect;;;;;;825;;;;;;;;;C12;;;1500;99;;;
126,96,56;;39;290;;Perfect;;;;;;813;;;;;;;;;C12;;;1200;101;;;
169,140,102;;44;140;;Needs cut + Hole;;;;;;812;;;;;;;;;C12;;;900;44;;;
154,140,127;;37;60;;Perfect;;;;;;810;;;;;;;;;C13;;;1200;73;;;
154,145,133;;26;137;;Needs cut;;;;;;805;;;;;;;;;C13;;;450;51;;;
136, 89, 48;;71;303;;Perfect;;;;;;805;;;;;;;;;C17;;;2500;71;;;
138,128,115;;22;160;;Damaged;;;;;;800;;;;;;;;;C13;;;300;40;;;
159,149,137;;34;156;;Hole;;;;;;800;;;;;;;;;C13;;;500;43;;;
129,96,51;;20;132;;Damaged;;;;;;800;;;;;;;;;C13;;;600;45;;;
177,123,80;;29;274;;Perfect;;;;;;799;;;;;;;;;C13;;;450;30;;;
160, 110, 77;;58.5;258;;Perfect;;;;;;783;;;;;;;;;C13;;;2600;70;;;
187,120,65;;55;354;;Groove;;;;;;777;;;;;;;;;C13;;;1700;60;;;
132,100,78;;38;289;;Perfect;;;;;;771;;;;;;;;;C14;;;800;49;;;
110,73,56;;23;331;;Perfect;;;;;;754;;;;;;;;;C14;;;550;40;;;
162,152,141;;27;35;;Perfect;;;;;;753;;;;;;;;;C14;;;1350;115;;;
165,163,156;;17;382;;Hole;;;;;;736;;;;;;;;;C14;;;950;138;;;
148, 95, 52;;57;367;;Perfect;;;;;;734;;;;;;;;;C14;;;2200;70;;;
174,131,82;;18;270;;Damaged;;;;;;722;;;;;;;;;C15;;;1400;56;;;
117,71,44;;20;359;;Perfect;;;;;;719;;;;;;;;;C15;;;450;40;;;
156, 136, 111;;15;356;;Perfect;;;;;;708;;;;;;;;;C15;;;700;91;;;
173,163,141;;21;361;;Perfect;;;;;;698;;;;;;;;;C15;;;450;74;;;
168,160,143;;21;357;;Perfect;;;;;;697;;;;;;;;;C15;;;500;74;;;
96,63,39;;18;257;;Perfect;;;;;;690;;;;;;;;;C15;;;850;65;;;
205, 167, 133;;20;364;;missing a part;;;;;;685;;;;;;;;;C15;;;1150;160;;;
184,143,98;;26;456;;Perfect;;;;;;672;;;;;;;;;C15;;;450;44;;;
166,151,124;;36;365;;Perfect;;;;;;666;;;;;;;;;C16;;;1250;88;;;
144,109,71;;14;437;;Needs cut;;;;;;665;;;;;;;;;C16;;;300;49;;;
157,121,89;;36;369;;Perfect;;;;;;656;;;;;;;;;C16;;;1300;92;;;
145, 91, 53;;18;360;;Perfect;;;;;;654;;;;;;;;;C16;;;800;65;;;
202, 147, 93;;26;394;;Perfect;;;;;;650;;;;;;;;;C16;;;950;144;;;
159, 114, 61;;14;374;;Perfect;;;;;;634;;;;;;;;;C16;;;450;77;;;
185,172,149;;44;366;;Perfect;;;;;;632;;;;;;;;;C17;;;1700;143;;;
176,148,117;;20;358;;Perfect;;;;;;627;;;;;;;;;C17;;;1000;117;;;
121,78,56;;29;396;;Perfect;;;;;;620;;;;;;;;;C17;;;850;44;;;
;;;;;;;;;;;;;;;;;;;;;;;;;;;
;;;;;;;;;;;;;;;;;;;;;;;;;;;
;;;;;;;;;;;;;;;;;;;;;;;;;;;
;;;;;;;;;;;;;;;;;;;;;;;;;;;
;;;;;;;;;;;;;;;;;;;;;;;;;;;
;;;;;;;;;;;;;;;;;;;;;;;;;;;
;;;;;;;;;;;;;;;;;;;;;;;;;;;
;;;;;;;;;;;;;;;;;;;;;;;;;;;
;;;;;;;;;;;;;;;;;;;;;;;;;;;
;;;;;;;;;;;;;;;;;;;;;;;;;;;
